Дата, Время, Ссылка, Ключевые слова
06/26/2022, 19:33:41, https://e-t-a.org/kachestvo/laboratoriya/,технологии исследования  
06/26/2022, 19:33:46, https://gulyaevip.github.io/index.html, 
06/26/2022, 19:33:50, https://gulyaevip.github.io/about.html, 
06/26/2022, 19:33:53, https://gulyaevip.github.io/service.html, 
06/26/2022, 19:33:57, https://gulyaevip.github.io/blog.html,технологии  
06/26/2022, 19:34:01, https://gulyaevip.github.io/elements.html, 
06/26/2022, 19:34:06, https://gulyaevip.github.io/dostizh.html, 
06/26/2022, 19:34:10, https://gulyaevip.github.io/stud.html, 
06/26/2022, 19:34:14, https://gulyaevip.github.io/sport.html, 
06/26/2022, 19:34:17, https://gulyaevip.github.io/contact.html, 
06/26/2022, 19:34:22, https://gulyaevip.github.io/single-blog.html, 
06/26/2022, 19:34:27, https://gulyaevip.github.io/portfolio_details.html, 
